IE_XML_ID;IE_NAME;IP_PROP19;IP_PROP20;IP_PROP34
84;Фильтр для АВД;;140;MO-202
87;Karcher K 2 мойка высокого давления;;0;1.673-220.0
88;Karcher K 2 Basic мойка высокого давления ;;6 000;1.673-159.0
94;Karcher К 3 мойка высокого давления;;0;1.601-812.0
95;Салфетка из искусственной замши;;0;
96;Karcher К 4 Full Control мойка высокого давления;;0;1.324-000.0
97;Шланг высокого давления для прочистки канализации (10 метров) с пластиковым наконечником типа Керхер;;0;
98;Karcher К 4 Compact мойка высокого давления;;0;1.637-310.0
99;Мойка высокого давления Karcher К 5 Compact Promo;;0;9.732-334.0
100;Кarcher К 5 Compact мойка высокого давления;1;19990;1.630-720.0
101;Karcher K 5 Full Control мойка высокого давления;;0;1.324-500.0
102;Karcher K 5 Premium Full Control Plus мойка высокого давления;;0;1.324-630.0
103;Karcher K 5 мойка высокого давления;;22 990	;1.180-633.0
104;Кarcher К 7 Premium Full Control Plus мойка высокого давления;;0;1.317-130.0
105;Кarcher К 7 Compact мойка высокого давления;;0;1.447-002.0
106;Жидкий воск для кузова автомобиля Tutela Car Body Care;;0;
107;Karcher WD 2 пылесос;;0;1.629-760.0
108;Karcher SV 7 паропылесос;;0;1.439-410.0
109;Karcher WD 3 P Premium пылесос;;7990;1.629-891.0
110;Karcher WD 4 Premium пылесос;;0;1.348-150.0
111;Karcher WD 5 Premium пылесос;;0;1.348-230.0
112;Karcher WD 6 P Premium пылесос;;0;1.348-270.0
113;Karcher VC 5 *RU  пылесос;;0;1.349-105.0
114;Karcher VC 6 пылесос;;0;1.195-600.0
115;Karcher VC 6 Premium пылесос;;0;1.195-605.0
116;Karcher VC 3  пылесос;;0;1.198-125.0
117;Karcher DS 6 Premium Mediclean - пылесос с водяным фильтром;;0;1.195-241.0
118;Karcher SE 4001 моющий пылесос;;0;1.081-130.0
119;Karcher SE 4002 бытовой моющий пылесос;;0;1.081-140.0
120;Karcher SE 5.100 бытовой моющий пылесос;;0;1.081-200.0
126;Karcher WV50 Plus стеклоочиститель;;0;1.633-117.0
128;Karcher WV2 10 Years Edition стеклоочиститель;;0;1.633-425.0
129;Karcher КB 5 электровеник ;;0;1.258-000.0
130;Karcher SC 1 EasyFix пароочиститель;;0;1.516-332.0
131;Karcher SC 2 EasyFix *EU пароочиститель;;0;1.512-050.0
132;Karcher SC 4 EasyFix* EU пароочиститель;;0;1.512-450.0
133;Karcher SC 4 EasyFix Iron пароочиститель;;0;1.512-453.0
134;Karcher SC 5 EasyFix пароочиститель;;0;1.512-530.0
135;Karcher S 650 ручная подметальная машина;;0;1.766-304.0
136;Плоский складчатый фильтр к WD 4-WD 6 (MV4 - MV6);;0;2.863-005.0
137;Фильтр-мешки для пылесосов MV (4 шт.);;920;2.863-006.0
138; Насадка для мытья окон;;980;2.863-025.0
140;Удлинительный шланг для пылесоса WD MV (3,5 м);;0;2.863-001.0
141;Бытовой комплект насадок для пылесосов WD, MV ;;0;2.863-002.0
143; Грязевая фреза DB 145 для моек К4-К5;;0;2.642-728.0
144;Грязевая фреза DB 180 для мойки К7;;0;2.642-729.0
145;Струйная трубка Vario Power VP 180 Full для К 7;;0;2.642-726.0
146;Пистолет G 180 Q для минимойки;;0;2.642-889.0
147;Струйная трубка Керхер VP 160 S (360 °) ;;0;2.643-254.0
148;Мощная швабра Karcher PS 40;;0;2.643-245.0
149;Чистящий порошок RM 760 ;;0;6.290-175.0
150;HD 5/15 С мойка высокого давления ;;0;1.520-930.0 
151;Фильтр защиты мотора DS 5500/5600 аналог 6.414-631.0;;0;AP3004
152;Пеногаситель DEFOAM (0,25 л) ;;0;DEFOAM 0,25
153;Средство для мытья пола COMFORT (1 л);;0;COMFORT 1
154;Средство для мытья пола COMFORT (5 л);;0;COMFORT 5
155;Чистящий гель для сантехники FUMIGEL (1 л);;0;FUMIGEL 1
156;Чистящий гель для сантехники FUMIGEL (5 л);;0;FUMIGEL 5
157;Очиститель ковровых покрытий Novatec (1 л);;0;NOVATEC 1
158;ROCKprof SB-K2 (SB 6027) - мешок-пылесборник многоразовый ;;0;SB-K2 
159;Мешки-пылесборники ROCK prof K2 (16027);;0;K2 
160;Патронный фильтр ROCKprof HMF1;;0;HMF1
161;ROCKprof SB-K3 (6544)- многоразовый мешок ;;0;SB-K3
162;Турбощетка UN3;;0;
163;ROCKprof SB-K5 - многоразовый мешок для пылесоса KARCHER;;0;SB-K5
165;Мешки-пылесборники ROCK prof K4 (17057);;0;K4
166;Плоский складчатый фильтр ROCKprof HMF5;;0;HMF5
167;Мешок-пылесборник многоразовый SB-K4;;0;SB-K4
168;Концентрированный стеклоочиститель WITRUM (1 л);;0;WITRUM 1
169;Karcher SI 4 Easy Fix Iron Kit гладильная система;;0;1.512-454.0
170;Концентрированный стеклоочиститель WITRUM (5 л);;0;WITRUM 5
171;Средство для обезжиривания DAZE (1 л);;0;DAZE 1
172;Нейтрализатор запаха BLOCK апельсин;;0;BLOCK апельсин 0,5
173;Karcher WD 3 Home пылесос;1;8990;1.629-850.0
176;Патронный фильтр (SE, MV);;0;6.414-552.0
182;Щетка 601;;0;601
183;Щетка 602;;0;602
184;Комплект пескоструйный с пластиковым наконечником типа Karcher;;0;
195;NT 35/1 Tact Te пылесос влажной и сухой уборки (Снят с производства);;0;1.184-856.0
196;Бумажные фильтр-мешки к NT;;0;6.904-290.0
199;Чистящее средство CarpetPro RM 760 Classic;;8000;6.291-388.0
200;Автомобильный шампунь (5 л);;0;6.294-029.0
201;NT 35/1 Tact пылесос влажной и сухой уборки;;0;1.184-850.0
203;Концентрат средства для стеклоочистителя;;0;6.295-302.0
204;Advance 1 RM 110, 1 л. Системное средство защиты АВД с подогревом воды;;0;6.295-627.0
205;Антинакипин (палочки) RM 511;;0;6.295-206.0
207;Средство для чистки камня и фасадов «3 в 1» (1 л.) ;;0;6.295-765.0
208;Пеногаситель (125 мл);;0;6.295-875.0
212;Комплект запасных колец для АВД;;0;2.640-729.0
214;Зарядное устройство для стеклоочистителя ;;0;2.633-107.0
215;Удлинительный комплект для стеклоочистителей WV ;;0;2.633-111.0
216;Угловая (изогнутая) струйная трубка ;;0;2.638-817.0
218;Запасной пистолет для минимойки с креплением (зажим) ;;0;2.641-959.0
219;Всасывающий шланг SH 5;;0;2.643-100.0
220;Насадка T-RACER T 450;;0;2.643-214.0
221;1-ступенчатая удлинительная трубка 0.4 метра;;0;2.643-240.0
222;Латунный коннектор 1/2 и 5/8 для шлангов;;0;2.645-015.0
223;Латунный коннектор для шлангов 3/4;;0;2.645-016.0
224;"Садовый шланг PrimoFlex  1/2"" (20 м.)";;0;2.645-138.0
225;"Шланг PrimoFlex 1/2"" (50 м.)";;0;2.645-139.0
226;"Шланг PrimoFlex 3/4"" (25 м)";;0;2.645-142.0
227;"Шланг PrimoFlex 3/4"" (50 м)";;0;2.645-143.0
228;Универсальный коннектор;;0;2.645-191.0
229;"Универсальный коннекктор Plus  с функцией ""Аквастоп""";;0;2.645-194.0
230;Металлический пистолет-распылитель Premium;;0;2.645-270.0
231;Многофункциональный металлический пистолет-распылитель Premium;;0;2.645-271.0
232;Фильтр HEPA 13 для пылесосов DS 5.800 и DS 6.000;;0;2.860-273.0
233; Набор для подключения электроинструмента к пылесосу;;0;2.863-112.0
234;Насадка для уборки автомобиля к пылесосу Керхер;;0;2.863-145.0
235;Удлинительная трубка к пылесосам WD, MV;;0;2.863-148.0
236;Удлиненная щелевая насадка к пылесосам WD, SE, MV ;;0;2.863-223.0
237;Насадка для ухода за текстилем на пароочиститель;;0;2.863-233.0
238;Фильтр HEPA 13 (для пылесоса VC 3);;0;2.863-238.0
239;Щетка для мебели (на пылесос VC 5);;0;2.863-241.0
240;Набор насадок для пола EasyFix на пароочистители;;0;2.863-267.0
241;Чехол на гладильную доску Керхер;;0;2.884-969.0
242;Моющая насадка для пылесоса SE;;0;2.885-018.0
243;Напорный пульверизатор 1 л;;0;6.394-374.0
244;Плоский складчатый фильтр Эко;;0;6.414-498.0
245;Патронный фильтр для пылесосов Karcher ;;0;6.414-552.0
246;Промежуточный фильтр защиты электродвигателя для пылесосов DS;;0;6.414-631.0
247;Фильтр НЕРА 12 (для пылесосов VC 6);;0;6.414-805.0
248;Сменный патронный фильтр к WD 4200/5300;;0;6.414-960.0
249;Фильтр Hepa 13 для Karcher DS;;0;6.414-963.0
250;Комплект фильтров для пылесосов SE ;;0;6.904-143.0
251;Фильтр-мешок 3х-слойный для T12/1;;0;6.904-315.0
252;Бумажные фильтр-мешки для пылесосов WD 2;;0;6.904-322.0
253;Фильтр-мешки из нетканного материала для пылесоса VC;;0;6.904-329.0
254;Бумажные фильтр-мешки для профессиональных пылесосов ;;0;6.904-333.0
255;Фильтр-мешки для пылесосов серии NT;;0;6.904-351.0
256;Плоский фильтр к пылесосам NT (только для замены) ;;0;6.904-367.0
257;Щелевая насадка DN35;;0;6.906-240.0
258;Набор флисовых мешков для пылесоса серии NT 35 ;;0;6.907-479.0
259;Бумажные фильтр-мешки для бытовых пылесосов (WD, SE) ;;0;6.959-130.0
260;Салфетки для пола на пароочиститель;;0;6.960-019.0
261;Karcher K 3 Full Control мойка высокого давления;;0;1.602-600.0
262;Karcher K 4 Basic мойка высокого давления;;0;1.180-080.0
263;Karcher S 550 ручная подметальная машина;;0;1.766-206.0
264;Karcher S 750 ручная подметальная машина;;0;1.766-912.0
265;Karcher WD 3 Car хозяйственный пылесос;;0;1.629-809.0
266;Karcher SC 1 пароочиститель;;0;1.516-300.0
267;Karcher FC 5 аппарат для влажной уборки пола;;0;1.055-500.0
268;PUZZI 8/1 C моющий пылесос;;0;1.100-225.0
269;T 7/1 Classic *EU пылесос сухой уборки;;0;1.527-181.0
270;Puzzi 10/2 Adv профессиональный моющий пылесос;;0;1.193-120.0
271;NT 65/2 Ap пылесос влажной и сухой уборки;;0;1.667-291.0
272;NT 27/1 пылесос влажной и сухой уборки;;0;1.428-500.0
273;HD 9/20-4 M мойка высокого давления;;0;1.524-924.0
274;HD 7/16-4 M *EU мойка высокого давления;;0;1.524-955.0 
277;T 10/1 Adv пылесос сухой уборки;;0;1.527-154.0
278;NT 27/1 ME промышленный пылесос Antracite;;0;1.428-100.0
279;HD 5/12 C мойка высокого давления;;0;1.520-900.0
280;HD 5/17 C *EU мойка высокого давления;;0; 1.520-940.0
281;HD 6/15 M *EU мойка высокого давления;;0;1.150-930.0
282;HD 6/16-4 M *EU мойка высокого давления  (заменена на HD 7/14 -4M);;0;1.524-900.0
283; HD 7/14 -4M мойка высокого давления;;0;1.524-930.0
284;HD 7/18-4 M Classic мойка высокого давления;;0;1.524-912.0
285;HD 10/21-4 S *EU-I мойка высокого давления;;0;1.286-916.0
286;HD 10/23-4 S мойка высокого давления;;0;1.286-922.0
287;HD 10/25-4 S мойка высокого давления;;0;1.286-902.0
288;HDS 6/14 C мойка высокого давления;;0;1.169-900.0
289;HDS 8/18-4 C Classic мойка высокого давления;;0;1.174-909.0
290;HDS 8/18-4 M мойка высокого давления;;0;1.077-908.0
291;HDS 9/18-4 M мойка высокого давления;;0;1.077-911.0
292;HDS 10/20-4 M *EU-I мойка высокого давления;;0;1.071-900.0
293;NT 360 Eco промышленный пылесос Antracite;;0;1.184-120.0
294;PUZZI 10/1 профессиональный пылесос ;;0;1.100-130.0
295;ROCK prof K1 (5) мешки-пылесборники;;0;K1
296;Мешки-пылесборники ROCK prof K3 (16544) ;;0;К3
297;"Щeт&#312;a c &#312;oлёcи&#312;aми и пepe&#312;лючaтeлeм RОСК рrоf UN21 (А3236)";;0;UN21
298;"Мeш&#312;и для пылecoca RОСКрrоf К25";;0;K25
299;Мешки-пылесборники ROCKprof SB-K1 (SB 6026) ;;0;SB-K1 
300;"RОСК рrоf UN3 mіnі-ТURВО ВRUЅН - щeт&#312;a для пылecoca yнивepcaльнaя";;0;UN3
301;ROCKprof SB-K1 (SB 6026) - мешок-пылесборник многоразовый ;;0;SB-K1
302;RОСК рrоf НМF1 НЕРА фильтp для пылecoca;;0;НМF1
303;RОСК рrоf НМF5 НЕРА фильтp для пылecoca КАRСНЕR ;;0;НМF5
304;RОСКрrоf ЅВ-К11 (SB 7053) мешок-пылесборник мнoгopaзoвый ;;0;ЅВ-К11
305;"RОСКрrоf ЅВ-К25 (7592) мнoгopaзoвый мeшo&#312; для пылecoca КАRСНЕR";;0;ЅВ-К25
306;Комплект круглых щеток к пароочистителю (4 шт.);;0;2.863-058.0
307;Всасывающий шланг для пылесосов Karcher DS;;0;6.901-076.0
308;Насадка для влажной и сухой уборки пола DT 35;;0;6.903-284.0
309;Точечное сопло;;0;4.130-021.0
310;Рукоятка для пылесосов Karcher VC 6;;0;4.195-125.0
311;Быстросъёмная муфта для бытовых моек ;;0;4.470-041.0
312;Фильтр тонкой очистки воды (в патрубок АВД) ;;0;5.731-598.0
313;Всасывающий шланг DN 35 для пылесосов серии WD 4.ХХХ и 5.ХХХ (2.2 м ) ;;0;9.012-004.0
314;Всасывающий шланг для пылесосов WD (2.200, 3.200, 3.300, 3.500, 3.800), (2 м.) ;;0;9.012-109.0
315;IPC Portotecnica G 131 - C I1306A PRT мойка высокого давления;;0;IDAF94232
316;IPC Portotecnica G151 - C I1508A - M  мойка высокого давления;;0;IDAF94238
320;Нейтрализатор запаха BLOCK бабл гам;;0;BLOCK бабл 0,5
321;Нейтрализатор запаха BLOCK кожа;;0;BLOCK кожа 0,5
322;Нейтрализатор запаха BLOCK кофе;;0;BLOCK кофе 0,5
323;Средство для устранения плесени FUNGUS Complex;;0;FUNGUS 0,5
324;Низкопенный очиститель ковровых покрытий NOVATEC (5 л);;0;NOVATEC 5
325;Средство мойки класс суперпремиум ACE Complex (1 л);;0;ACE 1
326;Средство мойки класс суперпремиум ACE Complex (20 л);;0;ACE 20
327;Средство мойки класс суперпремиум ACE Complex (5 л);;0;ACE 5
328;Средство для удаления следов насекомых DEBUG Complex (0,5 л);;0;DEBUG 0,5
329;Средство для удаления следов насекомых DEBUG Complex (1 л);;0;DEBUG 1
330;Средство для удаления следов насекомых DEBUG Complex (5 л);;0;DEBUG 5
331;Размораживатель стекол и замков DEFROSTER Complex (0,5 л).;;0;DEFROSTER 0,5
332;Средство для мойки авто GURU Complex (1 л);;0;GURU 1
333;Средство для мойки авто GURU Complex (20 л);;0;GURU 20
334;Средство для мойки авто GURU Complex (5 л);;0;GURU 5
335;Комплект HANDS NANOMAX средство для ручной мойки;;0;HANDS NANOMAX комплект
336;Средство для ручной мойки авто HANDS SHINE Complex (0,5 л);;0;HANDS SHINE 0,5
337;Средство для ручной мойки авто HANDS SHINE Complex (1 л)				;;0;HANDS SHINE 1
338;Очиститель кузова универсальный LOCO Complex (0,5 л);;0;LOCO 0,5
339;Очиститель кузова универсальный LOCO Complex (1 л);;0;LOCO 1
340;Средство для мойки авто MAGNAT Complex (1 л) ;;0;MAGNAT 1
341;Средство для мойки авто MAGNAT Complex (20 л);;0;MAGNAT 20
342;Средство для мойки авто MAGNAT Complex (5 л);;0;MAGNAT 5
343;Средство мойки класс стандарт MASTER Complex (1 л);;0;MASTER 1
344;Средство мойки класс стандарт MASTER Complex (20 л);;0;MASTER 20
345;Средство мойки класс стандарт MASTER Complex (5 л);;0;MASTER 5
346;Средство для мойки авто MASTER TONE Complex (1 л);;0;MASTER TONE 1
347;Средство для мойки авто MASTER TONE Complex (20 л);;0;MASTER TONE 20
348;Средство для мойки авто MASTER TONE Complex (5 л);;0;MASTER TONE 5
349;Очиститель дигателя MOBILE (0,5 л);;0;MOBILE 0,5
350;Очиститель дигателя MOBILE (1 л);;0;MOBILE 1
351;Очиститель дигателя MOBILE (5 л);;0;MOBILE 5
352;Комплект NANEX водооталкивающее нанопокрытие для стекол;;0;NANEX комплект
353;Нано-средство для сушки, блеска, силикона автомобиля Complex NANO FINISH (1 кг);;0;NANO FINISH 1
354;Средство для мойки авто NOVICE Complex (1 л);;0;NOVICE 1
355;Средство для мойки авто NOVICE Complex (20 л);;0;NOVICE 20
356;Средство для мойки авто NOVICE Complex (5 л);;0;NOVICE 5
357;Очиститель колесных дисков ORBIS (0,5 л);;0;ORBIS 0,5
358;Очиститель колесных дисков ORBIS (1 л)					;;0;ORBIS 1
359;Матовая полироль-очиститель для пластиковых, кожаных изделий POLITURA (0,5 л) Бабл Гам;;0;POLITURA 0,5
360;Глянцевая полироль-очиститель для пластиковых, кожаных изделий POLITURA GLOSS (0,5 л) Виноград;;0;POLITURA GLOSS Вин. 0,5
361;Средство для мойки авто PROFY Complex (1 л);;0;PROFY 1
362;Средство для мойки авто PROFY Complex (20 л);;0;PROFY 20
363;Средство для мойки авто PROFY Complex (5 л);;0;PROFY 5
364;Очиститель - кондиционер для кожи Complex PROPELLA (0,5 л);;0;PROPELLA 0,5
365;Очиститель - кондиционер для кожи Complex PROPELLA (1 л);;0;PROPELLA 1
366;Чернитель резины Complex ROTAE (0,5 л);;0;ROTAE 0,5
367;Чернитель резины Complex ROTAE (1 л);;0;ROTAE 1
368;Чернитель резины Complex ROTAE (5 л);;0;ROTAE 5
369;Чернитель резины на основе силикона ROTAE VIS (0,5 л);;0;ROTAE VIS 0,5
370;Чернитель резины на основе силикона Complex ROTAE VIS (1 л);;0;ROTAE VIS 1
371;Чернитель резины на основе силикона Complex ROTAE VIS (5 л);;0;ROTAE VIS 5
372;Очищающая паста для рук, SAPO Complex (1 л);;0;SAPO 1
373;Средство для мойки авто SENZA Complex (1 л);;0;SENZA 1
374;Средство для мойки авто SENZA Complex (20 л);;0;SENZA 20
375;Средство для мойки авто SENZA Complex (5 л);;0;SENZA 5
376;Силиконовая смазка SILICONE Complex (0,25 л);;0;SILICONE 0,25
377;Универсальное средство для химчистки салона Complex TANTUM (0,5 л);;0;TANTUM 0,5
378;Универсальное средство для химчистки салона Complex TANTUM (1 л);;0;TANTUM 1
379;Универсальное средство для химчистки салона Complex TANTUM (5 л);;0;TANTUM 5
380;Средство мойки класс эконом TIRO Complex (1 л);;0;TIRO 1
381;Средство мойки класс эконом TIRO Complex (20 л);;0;TIRO 20
382;Средство мойки класс эконом TIRO Complex (5 л);;0;TIRO 5
383;Воск для кузова TUTELA FAST Complex  (1 л) ;;0;TUTELA FAST 1
384;Воск для кузова TUTELA FAST Complex (5 л);;0;TUTELA FAST 5
385;Воск для кузова TUTELA Complex (1 л) Бабл Гам;;0;TUTELA Бабл 1 
386;Воск для кузова TUTELA Complex (1 л) Вишня;;0;TUTELA Вишня 1
387;Воск для кузова TUTELA Complex (5 л) Вишня;;0;TUTELA Вишня 5
388;Средство для мойки авто TUTOR Complex (1 л);;0;TUTOR 1
389;Средство для мойки авто TUTOR Complex (20 л);;0;TUTOR 20
390;Средство для мойки авто TUTOR Complex (5 л);;0;TUTOR 5
391;Комплект автокосметики TWIN Complex;;0;TWIN комплект
392;Средство для мойки авто UNIOR Complex (1 л);;0;UNIOR 1
393;Средство для мойки авто UNIOR Complex (20 л);;0;UNIOR 20
394;Средство для мойки авто UNIOR Complex (5 л);;0;UNIOR 5
395;Концентрированный стеклоочиститель WITRUM (0,5 л);;0;WITRUM 0,5
396;Высокопенное средство для бесконтактной мойки DIY (20 л)					;;0;DIY 20
397;Наношампунь для ручной обработки автомобиля Complex NANO NEXT (1 л)					;;0; NANO NEXT 1
398;Наношампунь для ручной обработки автомобиля Complex NANO NEXT (5 л)					;;0; NANO NEXT 5
399;IPC Portotecnica G 131-C I 1306A-M мойка высокого давления;;0;IDAF94219
400;IPC Portotecnica PW-C23P I 1408A мойка высокого давления;;0;IDAF94223
401;IPC Portotecnica G 161-C I1610A-M мойка высокого давления;;0;IDAF94240
402;IPC Portotecnica PW-C23P I 1610A  мойка высокого давления с барабаном;;0;IDAF94227
403;IPC Portotecnica PW-C23P I1610AO мойка высокого давления с барабаном;;0;IDAF94231
404;IPC Portotecnica PW-C21 I 1508 P мойка высокого давления;;0;IDAF94359
407;Мойка высокого давления IPC Portotecnica PW-C25  1813P ;;0;IDAF94181
409;Мойка высокого давления IPC Portotecnica PW-C40 1310P;;0;IDAF40233
410;Мойка высокого давления IPC Portotecnica PW-C40 1310P M;;0;IDAF40881
411;Мойка высокого давления IPC Portotecnica PW-C40 1813P T +RU Assesori;;0;IDAF40882
412;Мойка высокого давления IPC Portotecnica PW-C40 1813P T ;;0;IDAF40238
413;Мойка высокого давления IPC Portotecnica  PW-C50 D2117P T +RU Assesori;;0;IDAF40883
415;Мойка высокого давления IPC Portotecnica  BENZ-C H1811Pi P IPC;;0;IDAF40352
416;Мойка высокого давления IPC Portotecnica BENZ-C H2013Pi P IPC;;0;IDAF40353
417;Мойка высокого давления IPC Portotecnica H.P.CLEANER PW-H50 D1813P4 T;;0;IDAC 40870
418;Мойка высокого давления IPC Portotecnica PW-H50/4 D1813P4T;;0;IDAC40880
419;Мойка высокого давления IPC Portotecnica PW-H50/4 D2017P4T;;0;IDAC40882
420;Мойка высокого давления IPC Portotecnica PW-H100/4 D2515PT;;0;IDAC40894
421;Холодный воск Fast Wax (1 л );;0;110100
422;Холодный воск Fast Wax (5 л);;0;110101
423;"Очиститель двигателя ""Motor Cleaner"" (5,8 кг)";;0;110292
424;Очиститель салона Universal cleaner (1 кг);;0;112100
425;Очиститель салона Universal cleaner (0,5 кг);;0;112105
426;"Универсальный пенный очиститель ""Multipurpose Foam Cleane"" (750 мл)";;0;112117
427;"Очиститель двигателя ""Motor Cleaner"" (1 кг)";;0;116100
428;"Полироль-очиститель пластика ""Dashboard Cleaner"" лимон (750 мл) ";;0;120107
429;"Полироль пластика ""Polyrol Matte"" (1 кг)";;0;120110
430;"Полироль пластика ""Polyrol Matte GRASS"" Изумруд (0,5 кг)";;0;120115
431;"Полироль для шин ""Black rubber"" (1 кг)";;0;121100
432;"Полироль для шин ""Black rubber"" (0,5 кг)";;0;121105
433;"Полироль для шин ""Black BRILLIANS Silicone"" (0,5 кг)";;0;125105
434;"Очиститель салона ""Universal cleaner"" (5,4 кг)";;0;125197
435;"Чернитель резины ""Black rubber"" (5,7 кг)";;0;125231
436;"Горячий воск ""Hot Wax"" (5 кг) ";;0;
437;"Средство для очистки стекол ""Clean glass concentrate"" (1 кг) ";;0;130100
438;"Средство для очистки стекол ""Clean glass concentrate"" (5 кг)";;0;130101
439;"Средство для очистки стекол и зеркал ""Clean glass"" (0,5 кг)";;0;130105
440;"Средство для очистки стекол и зеркал ""Clean glass"" (1 кг)";;0;131100
441;"Очиститель натуральной кожи ""Leather Cleaner"" (0,5 кг)";;0;131105
442;"Наношампунь ""Nano Shampoo"" (1 кг)";;0;136101
443;"Холодный воск ""Cherry Wax"" (1 кг)";;0;138100
444;"Очиститель битумных пятен ""Antibitum"" (0,5 кг)";;0;150105
445;"Кислотное средство для очистки фасадов ""Acid Cleaner"" (5,9 кг)";;0;160101
446;"Горячий воск ""Hot Wax"" (1 кг) ";;0;38568
447;IPC Portotecnica YP 1400/6 ECO B пылесос ;;0;ASDO15507
448;IPC Portotecnica YP 1400/20 пылесос ;;0;ASDO12701
449;IPC Portotecnica YS 1-20 W&D VERDE пылесос;;0;ASDO15089
450;Пылесос IPC Portotecnica YS1/27W&D YES 215/27 HP ST C/ACC;;0;ASDO15078
451;Пылесос IPC Portotecnica YS 2/62W&D AMST 429HP MI C/ACC;;0;ASDO15081
452;Пылесос IPC Portotecnica YS3/62W&D AMST 440HP MI C/ACC;;0;ASDO15083
453;IPC Portotecnica VACUUM CLEANER YP 1-20 W&DTC пылесос;;0;ASDO13049 
454;Пылесос IPC Portotecnica NRG 1/30 CLEAN P TC SL PT;;0;ASDO12995
455;Пылесос IPC Portotecnica ESTR. GP 1/27 EXT GAMMA 200C/ACC;;0;ASDO15060 
456;IPC Portotecnica VACUUM CLEANER FOX пылесос;;0;ASDO05743 
457;IPC Portotecnica PLUS 1 W 1 32 S пылесос;;0;ASDO40035
458;Комплект для пола Classic к SC 1 (швабра+салфетка);;0;2.885-411.0
459;Круглая щетка со скребком;;0;2.863-140.0
460;HD 9/50-4 мойка высокого давления;;0;1.367-156.0
461;HD 9/20 Classic мойка высокого давления;;0;1.367-308.0
462;HD 9/18-4 Classic Cage мойка высокого давления;;0;1.367-315.0
463;HDS 8/18-4 C *EU-I мойка высокого давления;;0;1.174-900.0
464;CV 30/1 *EU Пылесос сухой уборки;;0;1.023-116.0
465;CV 38/2 *EU пылесос сухой уборки;;0;1.033-312.0
466;T 14/1 Classic ALA *EU Пылесос сухой уборки;;0;1.527-170.0
467;T 8/1 Classic ALA *EU Пылесос сухой уборки;;0;1.527-160.0
468;T 12/1   *EU пылесос сухой уборки;;0;1.355-100.0
469;T 15/1 *EU пылесос сухой уборки;;0;1.355-200.0
471;NT 30/1 Tact Te L *EU пылесос влажной и сухой уборки;;0;1.148-211.0
472;NT 30/1 Ap L пылесос влажной и сухой уборки;;0;1.148-221.0
473;NT 30/1 AP Te L *EU пылесос влажной и сухой уборки;;0;1.148-231.0
474;NT 40/1 AP L *EU пылесос влажной и сухой уборки ;;0;1.148-321.0
475;NT 70/2 Me Classic Edition *EU пылесос влажной и сухой уборки;;0;1.667-306.0
476;NT 90/2 Me Classic  Edition *EU пылесос влажной и сухой уборки;;0;1.667-700.0
478;NT 70/3 *EU пылесос влажной и сухой уборки;;0;1.667-270.0
479;BR 30/4 C Adv *EU поломоечная машина;;0;1.783-213.0
480;BR 40/10C Adv + MF *EU поломоечная машина;;0;1.783-329.0
481;BR 35/12 C Bp Pack *EU поломоечная машина;;0;1.783-450.0
482;BD 38/12 C поломоечная машина;;0;1.783-430.0
483;BDS 43/180 C Adv уборочная машина;;0;1.291-237.0
484;BD 30/4 C Bp Pack *EU поломоечная машина;;0;1.783-230.0
485;Пенный комплект Premium типо KW для Karcher EASY!Lock;;0;Chris компл KW EL
486;BR 45/22 C Bp Pack*EU машина поломоечная;;0;1.783-460.0
487;BD 43/25 C Bp поломоечная машина;;0;1.515-400.0
488;BD 43/35 C Ep поломоечная машина;;0;1.515-401.0
489;Пенная насадка LS3 (Premium) EASY!Lock для профессиональных АВД Керхер;;0;Chris EASY!Lock
490;Каналопромывочный шланг 10 метров с вращающейся форсункой;;0;
491;BD 50/50 C Bp Classic Поломоечная машина;;0;1.127-001.0
492;BD 50/60C Ep Classic поломойная машина;;0;1.127-002.0
493;Шланг высокого давления для очистки канализаций, двухоплёточный, 15 м (гайка EASY!Lock -  форсунка 1*3 с боем вперед, 045);;0;
494;Каналопромывочный шланг 15 метров с вращ. форсункой;;0;
495;KM 70/20 C подметальная машина;;0;1.517-106.0
496;KM 70/20 C mit 2.SB подметальная машина;;0;1.517-107.0
497;Каналопромывочный шланг 20 метров с вращ. форсункой;;0;
498;KM 75/40 W G подметальная машина;;0;1.049-205.0
499;WVP 10 *EU стеклоочиститель профессиональный ;;0;1.633-550.0
500;WVP 10 Adv стеклоочиститель профессиональный;;0;1.633-560.0
501;Каналопромывочный шланг 30 метров с вращ. форсункой;;0;
502;Фильтр 1 дюйм;;0;
503;Каналопромывочный шланг 25 метров с форсункой 1*3 с боем вперед-назад;;0;
504;Каналопромывочный шланг 10 метров с форсункой 1*3 с боем вперед-назад;;0;
505;Каналопромывочный шланг 30 метров с форсункой 1*3 с боем вперед-назад;;0;
506;Шланг высокого давления двухоплеточный 30 метров диаметр 8 мм;;0;
507;Шланг высокого давления двухоплеточный 25 метров диаметр 8 мм;;0;
510;Экспресс-полироль для кузова Complex LUXE (0,5 л) ;;0;LUXE 0,5	
512;Мешки Rein, из нетканого материала T 12;;0;0.001-496
513;"Мeшo&#312;и Rein, из нетканого материала MV 2, WD 2";;0;0.001-497
514;Мешки Rein, из нетканого материала VC 6;;0;0.001-498
515;Мешки Rein, из нетканого материала T 7/1, T 9/1, T 10;;0;0.001-499
516;Мешки Rein, из нетканого материала T 15/1, 17/1;;0;0.001-507
517;Мешки Rein, из нетканого материала MV 3, WD 3, SE 4001-4002;;0;0.001-508
518;Мешки Rein, из нетканого материала NT 27/1;;0;0.001-535   
521;Пенная насадка LS-3 с латунным наконечником для Bosch (до 2013г) для моек Bosch;;0;Chris BOSCH Me
522;Пенная насадка LS-3 с пластиковым наконечником для Bosch (после 2013г) для моек Bosch;;0;Chris BOSCH пл
523;Шланг высокого давления (7,5 метров) для прочистки канализации с пластиковым наконечником для моек Bosch;;0;
524;Шланг высокого давления для прочистки канализации 15 м с пластиковым наконечником для моек Bosch;;0;
525;Шланг высокого давления для прочистки канализации 7,5 м с латунным наконечником для моек Bosch;;0;
526;Шланг высокого давления на 15 метров для прочистки канализации с латунным наконечником для моек Bosch;;0;
527;Комплект пескоструйный с латунным наконечником для Bosch (до 2013 г) для моек Bosch;;0;
528;Комплект пескоструйный с пластиковым наконечником для Bosch (после 2013 г) для моек Bosch;;0;
529;Шланг высокого давления для Bosch 10 м гайка М22х1,5 - гайка М22х1,5 для моек Bosch;;0;
530;Сеточка запенивающая для моек;;0;
531;Пенная насадка LS-3 с латунным наконечником для моек Stihl;;0;Chris Stihl
532;Шланг высокого давления для прочистки канализаций 7,5 м с латунным наконечником для моек Stihl;;0;
533;Шланг высокого давления для прочистки канализации 15 м с латунным наконечником для моек Stihl;;0;
534;Комплект пескоструйный с латунным наконечником для моек Stihl;;0;
535;Шланг высокого давления 10 м гайка М22х1,5 - гайка М22х1,5 для моек Stihl;;0;
536;Пенная насадка LS-3 с латунным наконечником для мойки высокого давления Elitech;;0;Chris Elitech
537;Пенная насадка LS-3 с латунным наконечником для мойки высокого давления Lavor;;0;Chris Lavor
538;Пенная насадка LS-3 с латунным наконечником для мойки высокого давления Kranzle;;0;Chris Comet
539;Пенная насадка LS-3 с латунным наконечником для мойки высокого давления Nilfisk-Alto;;0;Chris Nilfisk-Alto
540;Шланг высокого давления для прочистки канализаций 7,5 м с латунным наконечником для мойки высокого давления Elitech;;0;
541;Шланг высокого давления для прочистки канализаций 15 м с латунным наконечником для мойки высокого давления Elitech;;0;
542;Шланг высокого давления для прочистки канализации 7,5 м с латунным наконечником для мойки высокого давления Lavor;;0;
543;Шланг высокого давления для прочистки канализации 15 м с латунным наконечником для мойки высокого давления Lavor;;0;
544;Шланг высокого давления для прочистки канализаций 7,5 м с латунным наконечником для мойки высокого давления Kranzle;;0;
545;Шланг высокого давления для прочистки канализаций 15 м с латунным наконечником для мойки высокого давления Kranzle;;0;
546;Шланг высокого давления для прочистки канализаций 7,5 м с латунным наконечником для мойки высокого давления Nilfisk Alto;;0;
547;Шланг высокого давления для прочистки канализаций 15 м с латунным наконечником для мойки высокого давления Nilfisk Alto;;0;
548;Шланг высокого давления 10 м гайка М22х1,5 - гайка М22х1,5 для мойки высокого давления;;0;
549;Комплект пескоструйный с латунным наконечником для Elitech;;0;
550;Комплект пескоструйный с латунным наконечником для мойки высокого давления Lavor;;0;
551;Комплект пескоструйный с латунным наконечником для мойки высокого давления Kranzle;;0;
552;Комплект пескоструйный с латунным наконечником для мойки высокого давления Nilfisk-Alto;;0;
553;Пенная насадка LS-3 с пластиковым наконечником для Karcher;;0;Chris pla
554;Пенная насадка LS-3 с латунным наконечником для моек Karcher;;0;Chris Ме
555;Сеточка запенивающая для АВД;;0;
556;Шланг высокого давления (10 метров) для мойки Karcher. Штуцер NEW;;0;Chris N N 10м
557;Шланг высокого давления для Karcher 10м гайка М22х1,5 - штуцер М22х1,5;;0;Chris Г Ш(М22) 10м
558;Шланг высокого давления для Karcher 10 м Гайка М22х1,5 - штуцер d=10;;0;Chris ГШ 10м
559;Шланг высокого давления для Karcher 10 м гайка М22х1,5;;0;Chris ГГ 10м
560;Шланг высокого давления для Karcher 10 м штуцер NEW - штуцер NEW поворотный;;0;Chris N Nпов 10м
561;Шланг высокого давления для прочистки канализаций 7,5 м с пластиковым наконечником для Karcher;;0;
562;Шланг высокого давления для прочистки канализаций 15 м с пластиковым наконечником для Karcher;;0;
563;Шланг высокого давления для прочистки канализаций 7,5 м с металлическим наконечником для Karcher;;0;
564;Шланг высокого давления для прочистки канализаций 15 м с металлическим наконечником для Karcher;;0;
566;Комплект пескоструйный с латунным наконечником для мойки Karcher;;0;
567;Шланг высокого давления резиновый DN6 однооплеточный для Karcher 10 м штуцер NEW - штуцер NEW;;0;
568;Шланг высокого давления резиновый DN6 однооплеточный для Karcher 15 м штуцер NEW - штуцер NEW;;0;
569;Шланг высокого давления резиновый DN6 однооплеточный для Karcher 20 м штуцер NEW - штуцер NEW;;0;
570;Шланг высокого давления резиновый DN6 однооплеточный для Karcher 10 м штуцер NEW - штуцер NEWпов;;0;
571;Шланг высокого давления резиновый DN6 однооплеточный для Karcher 15 м штуцер NEW - штуцер NEWпов;;0;
572;Шланг высокого давления резиновый DN6 однооплеточный для Karcher 20 м штуцер NEW - штуцер NEWпов;;0;
573;Шланг высокого давления резиновый DN6 двухоплеточный для Karcher 10 м штуцер NEW - штуцер NEW;;0;
574;Шланг высокого давления резиновый DN6 двухоплеточный для Karcher 15 м штуцер NEW - штуцер NEW;;0;
575;Шланг высокого давления резиновый DN6 двухоплеточный для Karcher 20 м штуцер NEW - штуцер NEW;;0;
576;Шланг высокого давления резиновый DN6 двухоплеточный для Karcher 10 м штуцер NEW - штуцер NEWпов;;0;
577;Шланг высокого давления резиновый DN6 двухоплеточный для Karcher 15 м штуцер NEW - штуцер NEWпов;;0;
578;Шланг высокого давления резиновый DN6 двухоплеточный для Karcher 20 м штуцер NEW - штуцер NEWпов;;0;
579;Шланг высокого давления резиновый DN6 однооплеточный для Karcher 10 м штуцер NEW - гайка М22х1,5;;0;
580;Шланг высокого давления резиновый DN6 однооплеточный для Karcher 15 м штуцер NEW - гайка М22х1,5;;0;
581;Шланг высокого давления резиновый DN6 однооплеточный для Karcher 20 м штуцер NEW - гайка М22х1,5;;0;
582;Шланг высокого давления резиновый DN6 двухоплеточный для Karcher 10 м штуцер NEW - гайка М22х1,5;;0;
583;Шланг высокого давления резиновый DN6 двухоплеточный для Karcher 15 м штуцер NEW - гайка М22х1,5;;0;
584;Шланг высокого давления резиновый DN6 двухоплеточный для Karcher 20 м штуцер NEW - гайка М22х1,5;;0;
585;Шланг высокого давления резиновый DN6 однооплеточный для Karcher 10 м штуцер NEWпов - гайка М22х1,5;;0;
586;Шланг высокого давления резиновый DN6 однооплеточный для Karcher 15 м штуцер NEWпов - гайка М22х1,5;;0;
587;Шланг высокого давления резиновый DN6 однооплеточный для Karcher 20 м штуцер NEWпов - гайка М22х1,5;;0;
588;Шланг высокого давления резиновый DN6 двухоплеточный для Karcher 10 м штуцер NEWпов - гайка М22х1,5;;0;
589;Шланг высокого давления резиновый DN6 двухоплеточный для Karcher 15 м штуцер NEWпов - гайка М22х1,5;;0;
590;Шланг высокого давления резиновый DN6 двухоплеточный для Karcher 20 м штуцер NEWпов - гайка М22х1,5;;0;
591;Шланг высокого давления резиновый DN6 однооплеточный для Karcher 10 м штуцер d=10 - гайка М22х1,5;;0;
592;Шланг высокого давления резиновый DN6 однооплеточный для Karcher 15 м штуцер d=10 - гайка М22х1,5;;0;
593;Шланг высокого давления резиновый DN6 однооплеточный для Karcher 20 м штуцер d=10 - гайка М22х1,5;;0;
594;Шланг высокого давления резиновый DN6 двухоплеточный для Karcher 10 м штуцер d=10 - гайка М22х1,5;;0;
595;Шланг высокого давления резиновый DN6 двухоплеточный для Karcher 15 м штуцер d=10 - гайка М22х1,5;;0;
596;Шланг высокого давления резиновый DN6 двухоплеточный для Karcher 20 м штуцер d=10 - гайка М22х1,5;;0;
598;Шланг высокого давления резиновый DN6 однооплеточный для Karcher 15 м гайка М22х1,5 - гайка М22х1,5;;0;
599;Шланг высокого давления резиновый DN6 однооплеточный для Karcher 20 м гайка М22х1,5 - гайка М22х1,5;;0;
600;Шланг высокого давления резиновый DN8 однооплеточный для Karcher 10 м гайка М22х1,5 - гайка М22х1,5;;0;
601;Шланг высокого давления резиновый DN8 однооплеточный для Karcher 15 м гайка М22х1,5 - гайка М22х1,5;;0;
602;Шланг высокого давления резиновый DN8 однооплеточный для Karcher 20 м гайка М22х1,5 - гайка М22х1,5;;0;
603;Шланг высокого давления резиновый DN6 двухоплеточный для Karcher 10 м гайка М22х1,5 - гайка М22х1,5;;0;
604;Шланг высокого давления резиновый DN6 двухоплеточный для Karcher 15 м гайка М22х1,5 - гайка М22х1,5;;0;
605;Шланг высокого давления резиновый DN6 двухоплеточный для Karcher 20 м гайка М22х1,5 - гайка М22х1,5;;0;
606;Шланг высокого давления резиновый DN8 двухоплеточный для Karcher 10 м гайка М22х1,5 - гайка М22х1,5;;0;
607;Шланг высокого давления резиновый DN8 двухоплеточный для Karcher 15 м гайка М22х1,5 - гайка М22х1,5;;0;
608;Шланг высокого давления резиновый DN8 двухоплеточный для Karcher 20 м гайка М22х1,5 - гайка М22х1,5;;0;
609;Пенная насадка LS-3 (Premium) вход М22х1,5г EASY!Lock для профессионального Karcher;;0;Chris М22х1,5
610;Пенная насадка LS-3 с ниппелем типа ARS для быстроразъемного соединения к аппарату высокого давления Керхер;;0;Chris ARS 350
611;Комплект пенный для Karcher: пенная насадка LS-3 с байонетом + переходники для проф. пистолета (ARS) к мойке Керхер;;0;Chris компл ARS
612;Пенная насадка LS-3 с наконечником KW для быстроразъемного соединения к аппарату высокого давления Керхер;;0;Chris WAP/ALTO
613;Комплект пенный для АВД Karcher: пенная насадка LS-3 с байонетом + переходники для проф. пистолета (KW);;0;Chris компл KW
615;Шланг высокого давления для АВД Karcher 10м гайка М22х1,5 - штуцер М22х1,5;;0;
616;Шланг высокого давления для прочистки канализаций 7,5 м с наконечником ARS для профессионального Karcher;;0;
617;Шланг высокого давления для прочистки канализаций 15 м с наконечником ARS для профессионального Karcher;;0;
618;Шланг высокого давления для прочистки канализаций 15 м с наконечником KW для профессионального Karcher;;0;
619;Шланг высокого давления для прочистки канализаций 7,5 м с наконечником KW для профессионального Karcher;;0;
620;Шланг высокого давления резиновый DN6 однооплеточный для Karcher 10 м гайка М22х1,5 - гайка М22х1,5 к АВД Крехер;;0;
621;Шланг высокого давления резиновый DN6 однооплеточный для Karcher 15 м гайка М22х1,5 - гайка М22х1,5 к АВД Крехер;;0;
622;Шланг высокого давления резиновый DN6 однооплеточный для Karcher 20 м гайка М22х1,5 - гайка М22х1,5 к АВД Крехер;;0;
623;Шланг высокого давления резиновый DN8 однооплеточный для Karcher 15 м гайка М22х1,5 - гайка М22х1,5 к АВД Крехер;;0;
624;Шланг высокого давления резиновый DN8 однооплеточный для Karcher 20 м гайка М22х1,5 - гайка М22х1,5 к АВД Крехер;;0;
625;Шланг высокого давления резиновый DN6 двухоплеточный для Karcher 10 м гайка М22х1,5 - гайка М22х1,5 к АВД Крехер;;0;
626;Шланг высокого давления резиновый DN6 двухоплеточный для Karcher 15 м гайка М22х1,5 - гайка М22х1,5 к АВД Крехер;;0;
627;Шланг высокого давления для АВД Karcher 10 м гайка М22х1,5 - гайка М22х1,5;;0;
628;Шланг высокого давления резиновый DN8 однооплеточный для Karcher 10 м гайка М22х1,5 - гайка М22х1,5 к АВД Крехер;;0;
629;Шланг высокого давления резиновый DN6 двухоплеточный для Karcher 20 м гайка М22х1,5 - гайка М22х1,5 к АВД Крехер;;0;
630;Шланг высокого давления резиновый DN8 двухоплеточный для Karcher 10 м гайка М22х1,5 - гайка М22х1,5 к АВД Крехер;;0;
631;Шланг высокого давления резиновый DN8 двухоплеточный для Karcher 20 м гайка М22х1,5 - гайка М22х1,5 к АВД Крехер;;0;
632;Шланг высокого давления резиновый DN8 однооплеточный для Karcher 10 м гайка М22х1,5 - штуцер d=11 к АВД Крехер;;0;
633;Шланг высокого давления резиновый DN8 однооплеточный для Karcher 15 м гайка М22х1,5 - штуцер d=11 к АВД Крехер;;0;
634;Шланг высокого давления резиновый DN8 однооплеточный для Karcher 20 м гайка М22х1,5 - штуцер d=11 к АВД Крехер;;0;
635;Шланг высокого давления резиновый DN8 двухоплеточный для Karcher 10 м гайка М22х1,5 - штуцер d=11 к АВД Крехер;;0;
636;Шланг высокого давления резиновый DN8 двухоплеточный для Karcher 15 м гайка М22х1,5 - штуцер d=11 к АВД Крехер;;0;
637;Шланг высокого давления резиновый DN8 двухоплеточный для Karcher 20 м гайка М22х1,5 - штуцер d=11 к АВД Крехер;;0;
638;Комплект пескоструйный с наконечником KW для профессионального АВД Karcher;;0;
639;Комплект пескоструйный с наконечником ARS для профессионального АВД Karcher;;0;
640;Пистолет 44004 с байонетом KW для АВД Karcher;;0;
641;Пистолет 44004 с байонетом ARS для АВД Karcher;;0;
642;Пистолет 44002 с байонетом KW для АВД Karcher;;0;
643;Пистолет 44002 с байонетом ARS для АВД Karcher;;0;
644;Пистолет 43003 с байонетом KW для АВД Karcher;;0;
645;Пистолет 43003 с байонетом ARS для АВД Karcher;;0;
646;Пистолет 43001 с байонетом KW для АВД Karcher;;0;
647;Шланг высокого давления для Karcher 10 м гайка М22х1,5 - штуцер NEW;;0;Chris Г N 10м
648;Пистолет 43001 с байонетом ARS к АВД Karcher;;0;
649;Мешки Rein, из нетканого материала SE 5.100. MV 2 Premium,WD 2.400/2.500;;0;0.001-492 
650;Мешки Rein, из нетканого материала MV 4-MV 6, WD 5.000-5.999;;0;0.001-530 
651;Фильтр защиты мотора DS 5500/5600;;0;AP3004
652;Фильтр плоский NT 361, 35/1, 45/1, 55/1;;0;АP3001
653;Авто-шампунь Mirlexx Active Foam 1,2 кг (красная);;0;
654;Авто-шампунь Mirlexx Active Foam 5,5 кг (красная);;0;
655;Авто-шампунь Mirlexx Active Foam 12 кг (красная);;0;
656;Авто-шампунь Mirlexx Active Foam 24 кг (красная);;0;
657;Двойная Mirlexx Double Foam 5,5 кг;;0;
658;Двойная Mirlexx Double Foam 12 кг;;0;
659;Двойная Mirlexx Double Foam 24 кг;;0;
660;Mirlexx моющее Химчистка салона Active Cleaner 500 мл;;0;
661;Авто-шампунь Mirlexx Daily Foam 5,5 кг (синяя);;0;
662;Авто-шампунь Mirlexx Daily Foam 24 кг (синяя);;0;
663;Авто-шампунь Mirlexx Motor Foam 1,2  кг;;0;
664;Авто-шампунь Mirlexx Motor Foam 5.5 кг;;0;
665;Химчистка салона UniClean  (5 л);;0;
666;Средство для чернения резины FS-Black Shine (1 л);;0;
667;Средство для чернения резины FS-Black Shine (0,5 л);;0;
668;Средство для бесконтактной мойки FS жидкий тефлон (1 л);;0;
669;"Полироль-очиститель пластика Polyrol Matte матовый блеск (1 л) с ароматом ""Ваниль""";;0;
670;Жидкий воск FS  - Vosk (малина) - (1 л);;0;
671;Средство для бесконтактной мойки FS-GEL (5 л);;0;
672;Средство для бесконтактной мойки FS-GEL (1 л);;0;
673;Средство для бесконтактной мойки FS жидкий тефлон (5 л);;0;
674;Жидкий воск FS  - Vosk  (5 л) ;;0;
675;"Губка ""Кузов"" желтая крупнопористая ";;0;
676;Салфетка для стекла, микрофибра Vortex;;0;
677;Микрофибра для стекла ULTRA Vortex;;0;
678;Перфорированная салфетка замша  ;;0;
679;Суперпрочная салфетка микрофибра Vortex ;;0;
680;Ультрамягкая салфетка микрофибра Vortex;;0;
682;Karcher SI 4 + Iron Kit гладильная система;;0;1.512-410.0
683;Мешок синтетический ROCK professional К30 для пылecoca КАRСНЕR СV 30,СV 48;;0;К30
684;"Мнoгopaзoвый мeшo&#312; ROCK professional ZІР-K 30  для Кarcher СV30, СV 38";;0;ZIP-К30
685;"Флиcoвыe фильтp-мeш&#312;и ROCK professional К6 для пылecoca КАRСНЕR Т 7/1, Т9/1";;0;K6
686;"Мeшo&#312; мнoгopaзoвый ROCK professional ZІР-К6 для пылecoca КАRСНЕR Т7, Т10 - 1 штy&#312;a";;0;ZIP-К6
687;"Синтeтичec&#312;иe мeш&#312;и ROCK professional К8 для пылecoca КАRСНЕR Т15/1, Т17/1";;0;K8
688;" Мнoгopaзoвый мeшo&#312; ROCK professional ZІР-К8 для пылecoca КАRСНЕR Т15, Т17";;0;ZIP-К8
689;"Синтeтичec&#312;иe мeш&#312;и ROCK professional К11 для пылecoca КАRСНЕR NТ35, NТ360, NТ361";;0;K11
690;" Мнoгopaзoвый мeшo&#312; МАХХ РОWЕR ZІР-К11 для пылecoca КАRСНЕR NТ27, NТ35, NТ 361";;0;ZIP-К11
691;"Мнoгopaзoвый мeшo&#312; МАХХ РОWЕR ZІР-К13  для пылecoca КАRСНЕR 30/1 Тасt Те L";;0;ZIP-К13
692;RОСК рrоfеѕѕіоnаl НМF35 НЕРА фильтp;;0;HMF35
693;Karcher VC 2 пылесос;;0;1.198-105.0
694;Karcher DS 6 пылесос с аквафильтром;;0;1.195-220.0
695;Karcher FC 3 Cordless аппарат для влажной уборки пола;;0;1.055-301.0
696;Karcher RC 3 робот пылесос;;0;1.198-203.0
697;Karcher FP 303  *EU Полотер;;0;1.056-820.0
699;Шланг высокого давления для прочистки канализаций 10 м с пластиковым наконечником для Karcher;;0;
700;Матовая полироль-очиститель для пластиковых, кожаных изделий POLITURA (1л) Бабл Гам					;;0;POLITURA 1
701;Глянцевая полироль-очиститель для пластиковых, кожаных изделий POLITURA GLOSS (0,5л) Вишня					;;0;POLITURA GLOSS 0,5 виш.
702;Глянцевая полироль-очиститель для пластиковых, кожаных изделий POLITURA GLOSS (1л) Вишня					;;0;POLITURA GLOSS 1
703; Фильтр упакованный HEPA 13 VC 2;;0;2.863-237.0
704; Турбощетка;;0;4.130-177.0
705;Турбонасадка для мягкой мебели;;0;2.903-001.0
706;Насадка для матрасов;;0;6.906-755.0
707;Боковые щетки набор (RC3);;0;2.863-278.0
708;Фильтр набор (RC3);;0;2.863-279.0
709;Средство для общей чистки твердых напольных покрытий RM 533;;0;6.295-775.0
710;Круглые полировальные пады;;0;2.863-193.0
711; Полировальные пады для лакированного паркета / ламината;;0;2.863-197.0
712; Полировальные пады для камня / линолеума;;0;2.863-198.0
713;Комплект желтых роликовых щеток ;;0;2.055-006.0
716;Комплект серых роликовых щеток;;0;2.055-007.0
717;Средство для уборки каменных полов RM 537;;0;6.295-943.0
719;Боковая щетка ;;0;2.644-026.0
720; Микроволоконная обтяжка;;0;2.633-100.0
721;RM 500 концентрат чистящего средства для стекол;;0;6.295-796.0
722;Всасывающая насадка (170 мм);;0;2.633-002.0
723;Концентрат чистящего средства RM 503 для окон;;0;6.295-840.0
725;Комплект микроволоконных обтяжек для ручной насадки;;0;2.863-270.0
726;Комплект круглых щеток;;0;2.860-231.0
727;Боковая щетка к подметальной машине;;0;6.966-005.0
728;Стандартная цилиндрическая щетка;;0; 6.906-041.0
729;Сменный фильтрующий элемент;;0;5.731-642.0
730;МК клещей для крупногабаритного мусора;;0;2.640-908.0
731; Роликовая щетка жесткая;;0;6.906-885.0
732;Мягкая боковая щетка;;0;6.905-626.0
733;Картридж фильтра KM 75/40 W;;0;5.731-635.0
734;Боковая щетка жесткая;;0;6.905-625.0
735;Очиститель от следов скотча, наклеек, маркера, жевательной резинки ANTISTICK 0,5 л;;0;ANTISTICK 0,5
736;Очиститель от следов скотча, наклеек, маркера, жевательной резинки ANTISTICK  5л;;0;ANTISTICK 5 л
737;Индустриальный обезжириватель FORTIS 1л;;0;FORTIS 1л
738;Индустриальный обезжириватель FORTIS 5 л;;0;FORTIS 5 л
739;Cредство для удаления следов резины с напольных покрытий DESTEP 1л;;0;DESTEP 1л
740;Cредство для удаления следов резины с напольных покрытий DESTEP 5л;;0;DESTEP 5л
741; Жесткая щеточная насадка;;0;2.863-146.0
742;RM 519 cредство для влажной очистки ковров ;;0;6.295-771.0
743;Шланг ВД каналопромывочный однооплёточный, 06 мм, 15m (Керхер пл - форсунка 1*3 с боем вперед, 035);;0;К 6/1 Керхер пл - 3/1 (035) 15
744;HD 9/23 G  мойка высокого давления;;0;1.187-906.0
745;Шланг ВД каналопромывочный однооплёточный, 06 мм, 15m (Керхер пл - форсунка вращающаяся, 035;;0;К 6/1 Керхер пл - вращ (035) 15
746;Шланг ВД каналопромывочный однооплёточный, 06 мм, 15m (Керхер Ме - форсунка вращающаяся, 035;;0;К 6/1 Керхер Ме- вращ (035) 15
747;Шланг ВД каналопромывочный однооплёточный, 06 мм, 15m (Керхер Ме - форсунка 3/1), 035;;0;К 6/1 Керхер Ме- 3/1 (035) 15
748;Шланг ВД каналопромывочный однооплёточный, 06 мм, 10m (Керхер Ме - форсунка 3/1), 035;;0;К 6/1 Керхер Ме- 3/1 (035) 10
749;Шланг ВД каналопромывочный однооплёточный, 06 мм, 10m (Керхер Ме - форсунка вращ), 035;;0;К 6/1 Керхер Ме- вращ (035) 10
750;Шланг ВД каналопромывочный однооплёточный, 06 мм, 10m (Керхер пл- форсунка вращ), 035;;0;К 6/1 Керхер пл- вращ (035) 10
751;Шланг ВД каналопромывочный однооплёточный, 06 мм, 10m (Керхер пл- форсунка 3/1), 035;;0;К 6/1 Керхер пл- 31(035) 10
752;Активное пенообразующее средство CP 940;;0;6.295-519.0
753; Интенсивное средство для общей чистки RM 750 (без НТА);;0;6.295-539.0
754; LED-фонарик для струйной трубки;;0;2.680-002.0
755;Адаптер 1 M22AG-TR22AG;;0;4.111-029.0
756; Жидкий воск RM 821;;0;6.295-084.0
757;Гель для чистки фасадов RM 43;;0;6.295-447.0
758; Адаптер 2 M22IG-TR22AG;;0;4.111-030.0
759;Адаптер для замены TR22IG-M22AG Ersatz;;0;4.111-046.0
760;Водоумягчительная установка WS 50;;0;6.368-463.0
761;Приспособление iSolar 400  для очистки солнечных батарей;;0;6.368-456.0
762;Мобильный водоумягчитель WS 100;;0;6.368-464.0
763;WR 20 трапецеидальная резьба;;0;2.114-014.0
764;WR 100 ;;0;2.114-015.0
765;WR 10 ;;0;2.114-016.0
766;FRV 30 Me для очистки поверхностей;;0;2.642-911.0
767;FRV 50 Me приспособлению для очистки поверхностей;;0;2.643-598.0
769;Средство для чистки поверхностей CA 30 C (5 л);;0;6.295-682.0
770;Средство для чистки поверхностей CA 30 C (1 л);;0;6.295-681.0
771;Средство для уборки полов CA 50 C (5 л);;0;6.295-684.0
772; Средство для очистки стекол CA 40 R (готовое к применению) ;;0;6.295-687.0
773; Средство для очистки стекол CA 40 R (5 л) ;;0;6.295-688.0
774; Средство для уборки в санузлах CA 20 R (0,5 л);;0;6.295-685.0
775;Муфта;;0;4.403-002.0
776;Шланг DN 6, 10м;;0;6.391-238.0
777; Шланг высокого давления, 10 м, НД 8, 315 бар, удлинительный;;0;6.391-342.0
778;Шланг высокого давления, 15 м, НД 8, 315 бар, с вращающейся муфтой;;0;6.390-010.0
779; Шланг DN 8, 10 м ;;0;6.390-025.0
780;Струйная трубка, 600 мм, поворотная;;0;4.760-664.0
781;Пистолет под штуцер Easy Press;;0;4.775-463.0
782;Пистолет Easy Press M 22 x 1,5;;0;4.775-466.0
783;Фильтр тонкой очистки воды с адаптером;;0;4.730-102.0
784;Пенная насадка Керхер -  трубка для пенной чистки с баллоном;;0;6.394-668.0
785;Фильтр-мешки NT 65/2 ECO;;0;6.904-285.0
786;Вставной ниппель;;0;6.401-459.0
787;Быстродействующая муфта;;0;6.401-458.0
788;Муфта резьбовая для электроинструментов, DN 35;;0;5.453-026.0
789; Комплект для автомобиля, C-DN 35;;0;2.862-166.0
790;Плоский складчатый фильтр, бумажный;;0;6.904-283.0
791;Защитные очки для повышения контрастности;;0;6.025-484.0
792;Защитные прозрачные очки;;0;6.025-482.0
793;Защитные очки, солнцезащитное стекло;;0;6.025-483.0
794;Средство для уборки полов CA 50 C;;0;6.295-683.0
795;Средство для уборки в санузлах CA 20 C (5 л);;0;6.295-680.0
796;Средство для уборки в санузлах CA 20 C (1 л);;0;6.295-679.0
797;Средство для общей чистки санузлов CA 10 C ;;0;6.295-678.0
798; Средство для общей чистки санузлов CA 10 C (1 л);;0;6.295-677.0
799;Автомобильный шампунь RM 811 ASF;;0;6.295-439.0
800;Автомобильный шампунь «3 в 1»;;0;6.295-750.0
801;Воск с интенсивным водоотталкивающим эффектом RM 824;;0;6.295-438.0
802;Средство для мойки высоким давлением RM 806;;0;6.295-433.0
803;Средство для аппаратов высокого давления RM 806 (5л) ;;0;6.295-504.0
804;Щелочное активное чистящее средство RM 81, без НТА ;;0;6.295-557.0
805; RM 69, Средство для общей чистки полов (10 л);;0;6.295-120.0
806;Средство для чистки ковров в таблетках CarpetPro RM 760;;0;6.295-850.0
808;Универсальное средство для уборки полов RM 536;;0;6.295-944.0
809;Средство для ухода за вощеными деревянными полами RM 535;;0;6.295-942.0
810;Средство для ухода за лакированными деревянными полами RM 534;;0;6.295-941.0
811;Гель для очистки стекол «3 в 1»;;0;6.295-762.0
812;Средство для чистки мотоциклов «3 в 1»;;0;6.295-763.0
813;Ultra Foam Cleaner «3 в 1»;;0;6.295-744.0
814;Средство для чистки пластмасс «3 в 1» ;;0;6.295-758.0
815;Средство для чистки колесных дисков «3 в 1»;;0;6.295-760.0
816;Средство для чистки древесины «3 в 1»;;0;6.295-757.0
817;RM 527 cредство для пенной чистки (5 л);;0;6.295-603.0
818;RM Порошок для удаления накипи ;;0;6.295-987.0
819;Универсальное чистящее средство;;0;6.295-357.0
820;Набор насадок кистей для уборки автомобиля;;0;2.863-221.0
821; Круглая щетка большая;;0;2.863-022.0
822;Запасные сопла к аксессуарам Karcher;;0;2.643-338.0
823;Запасные сопла к насадке T-Racer;;0;2.643-335.0
824;T 350 T-Racer насадка для плоских поверхностей;;0;2.643-252.0
825;Удлинительный шланг для пароочистителя SC 1;;0;2.863-021.0
826;Комплект для уборки пола EasyFix для SC 1;;0;2.863-268.0
827;Паровой утюг I 6006 желтый;;0;2.863-208.0
828;Фильтр-мешки, бумага;;0;6.904-128.0
829; Переключаемая насадка для пола к хозяйственным пылесосам;;0;2.863-000.0
830;Черная щеточная насадка;;0;2.863-147.0
831;Очиститель колесных дисков ORBIS Complex (0,5л);;0;ORBIS 0,5
832;Средство для мойки авто TIRO TONE Complex (1 л);;0;TIRO TONE 1
834;Нано-средство для сушки, блеска, силикона автомобиля Complex NANO FINISH (5 л);;0;NANO FINISH 5
835;Бумажные фильтр-мешки CV 30/1 - 38/1;;0;6.904-294.0
836;Матерчатый фильтр-мешок;;0;6.904-301.0
837;Плоский складчатый HEPA-фильтр H 12 (CV xx/1);;0;6.414-760.0
838; Фильтр-мешки из нетканого материала, для CV 30/1 - CV 48/2;;0;6.904-305.0
839;Всасывающий шланг с подводкой воды, 2,5 м;;0;6.394-826.0
840;Полировальные пады для вощеного паркета;;0;2.863-196.0
841;Удлиненная щелевая насадка, огнеупорная;;0;2.863-004.0
842;Пенное сопло FJ 6;;0;2.643-147.0
843; WB 100 Wash Brush;;0;2.643-236.0
844;Щетка для мойки колесных дисков;;0;2.643-234.0
845;Струйная трубка MP 145 Multi Power Jet;;0;2.643-239.0
846;Комплект адаптеров для удлинител. шланга;;0;2.643-037.0
847;Мягкая щетка WB 60;;0;2.643-233.0
848;Струйная трубка MP 160 Multi Power для К 7;;0;2.643-238.0
849;Щетка Power Brush WB 150;;0;2.643-237.0
850;Набор с насадкой Connect 'n' Clean и UFC;;0;2.643-142.0
851;Пенное сопло FJ 3;;0;2.643-150.0
852;Пенное сопло FJ 10;;0;2.642-897.0
853;Комплект для перевозки инвентаря «Box»;;0;4.035-406.0
854;Трехпозиционное сопло;;0;4.767-154.0
855;Антипригарная накладка для утюга I 6006;;0;2.860-142.0
856;Стяжки для WV 50 (280 мм);;0;2.633-005.0
857;Телескопическая трубка;;0;2.642-347.0
858;Комплект фильтров для робота пылесоса;;0;6.904-257.0
859;Плоский складчатый фильтр с нано покрытием;;0;6.414-971.0
860;Плоский складчатый фильтр к пылесосам для золы и хозяйственным пылесосам;;0;6.415-953.0
861;Фильтр-мешки флисовые;;0;6.904-413.0
862;Щетка для пылесоса Karcher;;0;6.903-276.0
863;HD 7/18-4 M  мойка высокого давления;;0;1.524-910.0
864;Переходник штуцер М22х1,5-М22х1,5 ;;0;
867;Karcher K 5 Compact мойка высокого давления;;0;1.630-750.0
868; Удлинительный шланг высокого давления, 10 м;;0;6.390-961.0
869;Резиновый удлинительный шланг высокого давления;;0;6.390-096.0
870;Удлинительный шланг высокого давления;;0;6.389-092.0
871;Фильтр для воды;;0;2.642-794.0
872;Гладильная доска AB 1000;;0;2.884-933.0
873;Комплект с мощным соплом;;0;2.863-263.0
874;Ручная насадка;;0;2.884-280.0
875;Фильтр отработанного воздуха HEPA 12;;0;2.863-240.0
876;Фильтровальный патрон VC 5;;0;2.863-239.0
877;Комплект насадок для уборки интерьера автомобиля;;0;2.863-225.0
878;Универсальный набор аксессуаров для SC;;0;2.863-215.0
879; Набор салфеток Steam+Clean Floor;;0;2.863-173.0
880;Набор салфеток для кухни;;0;2.863-172.0
881;Набор салфеток для ванной;;0;2.863-171.0
882;Фильтр для золы / крупного мусора, Premium;;0;2.863-161.0
883;Паровая турбощетка;;0;2.863-159.0
884;Удлинительная трубка, 60 мм;;0;2.863-149.0
885;Фильтр для золы / крупного мусора, базовый;;0;2.863-139.0
886;Насадка для удаления обоев;;0;2.863-062.0
887;Комплект круглых щеток с латунной щетиной;;0;2.863-061.0
888;Комплект круглых щеток;;0;2.863-264.0
889;Фильтр HEPA 12;;0;2.860-229.0
890;Всасывающий шланг SH 3;;0;2.643-101.0
891;Удлинительный шланг высокого давления;;0;2.641-710.0
892;Удлинительный шланг высокого давления 6 м;;0;2.641-709.0
893;Органайзер Karcher;;0;2.641-630.0
894;Запасной шланг высокого давления, 9 м;;0;2.641-721.0
895;Металлическая щелевая насадка (для работы с фильтром для золы / крупного мусора);;0;2.640-951.0
896;Брызговик для грязевой фрезы;;0;2.640-916.0
897;Адаптер для соединения с садовым шлангом ;;0;2.640-732.0
898;Комплект для струйной абразивной очистки;;0;2.638-792.0
899; Комплект для промывки труб, 15 м;;0;2.637-767.0
900;Комплект для промывки труб и водосточных желобов;;0;2.642-240.0
901;Комплект для промывки труб;;0;2.637-729.0
902;Адаптер пистолет M;;0;2.643-950.0
903; Комплект со шлангом высокого давления HK 7.5 (м);;0;2.643-910.0
904;Комплект со шлангом высокого давления HK 12;;0;2.643-909.0
905;Автомобильный адаптер;;0;2.643-876.0
906;Разбрызгиватель G 145 Q Full Control;;0;2.643-634.0
907;Шланг H 10 Q PremiumFlex с системой Anti-Twist;;0;2.643-585.0
908;Струйная трубка Vario Power VP 145 для К 4 - К 5;;0;2.642-725.0
909;Струйная трубка Vario Power VP 120 для К 2;;0;2.642-724.0
910;Сумка с ремнем для стеклоочистителя WV;;0;2.633-006.0
911;Входной фильтр для насосов, малый;;0;2.997-211.0
912;Комплект для присоединения к домовым CR трубопроводам G 3/4;;0;2.997-125.0
914;"Всасывающая гарнитура, 1,5 м, для трубопроводов 1"" (25 мм)";;0;2.997-112.0
915;Всасывающая гарнитура, 3,5 м;;0;2.997-110.0
916; Всасывающая гарнитура, 7 м;;0;2.997-111.0
918; Входной фильтр для погружных насосов, малый;;0;2.997-201.0
919;Комплект плоского шланга;;0;2.997-100.0
920;2-канальный адаптер для насосов с резьбой G1;;0;6.997-474.0
921;Адаптер для насосов, G1;;0;6.997-473.0
922;"Адаптер для насосов G1, для шлангов 3/4"", 1""";;0;6.997-359.0
923;Соединительный комплект;;0;6.997-358.0
924;Всасывающий шланг 3,5м G1;;0;6.997-348.0
925;"Всасывающий шланг 3/4"", 25 метров";;0;6.997-347.0
926;"Всасывающий шланг 1"", 25 метров";;0;6.997-346.0
927;Входной фильтр с обратным клапаном (Basic), 3/4”;;0;6.997-345.0
928;Входной фильтр с обратным клапаном (Basic), 1”;;0;6.997-342.0
929;Входной фильтр с обратным клапаном (Premium);;0;6.997-341.0
930;Комплект Premium для подключения шлангов 3/4, Коннектор быстросъемный, штуцер G1;;0;6.997-340.0
933;Комплект со шлангом для крана без резьбы;;0;2.645-258.0
934;Комплект для подключения KARCHER;;0;2.645-156.0
935;"Садовый шланг PrimoFlex® 1"" ";;0;2.645-247.0
936;Шланг PrimoFlex® premium 5-ти слойный 1/2;;0;2.645-151.0
937;Шланг PrimoFlex® premium 5-ти слойный 1/2 - 20м;;0;2.645-150.0
938;Шланг PrimoFlex® plus 3/4;;0;2.645-149.0
939;Шланг PrimoFlex® plus 3/4 ;;0;2.645-148.0
940;Шланг PrimoFlex® plus 1/2 - 50м;;0;2.645-145.0
941;Шланг PrimoFlex® plus 1/2 - 20м;;0;2.645-144.0
942;Комплект: шланг 1/2 20м и соединители;;0;2.645-115.0
943;Комплект со шлангом 1/2 15м, держателем для шланга и соединителями;;0;2.645-114.0
944;Спиральный шланг в комплекте;;0;2.645-178.0
945;Штанга для полива, 6 типов струи;;0;2.645-157.0
946;Штанга для полива Plus, 6 типов струи;;0;2.645-158.0
947;Штанга для полива телескопическая Premium;;0;2.645-137.0
948;Садовый душ;;0;2.645-181.0
949;Комплект для полива с многофункциональным пистолетом Plus;;0;2.645-290.0
950;Соединительный комплект с пистолетом для полива ;;0;2.645-289.0
951;Соединительный комплект с распылителем;;0;2.645-288.0
952;Многофункциональный поливочный пистолет Plus;;0;2.645-269.0
953;Поливочный пистолет Plus;;0;2.645-268.0
954;Регулируемый распылитель для полива;;0;2.645-267.0
955;Многофункциональный пистолет-распылитель ;;0;2.645-266.0
956;Поливочный пистолет;;0;2.645-265.0
957;Распылитель для полива;;0;2.645-264.0
958;Металлическая тележка для шлангов HT80;;0;2.645-042.0
959;CR 7.220 Компактная автоматическая катушка;;0;2.645-218.0
961;Фильтр-мешки Karcher из нетканого материала ;;0;6.904-084.0
962;Karcher Puzzi 30/4 моющий пылесос;;0;1.101-120.0
963;Насадка для пылесосов Puzzi;;0;4.130-001.0
965; Бумажные фильтр мешки T 14/1 Classic;;0;9.755-253.0
966;Насадка-кисть DN35;;0;6.903-862.0
967;Изогнутый переходник проводящий электричество;;0;2.889-148.0
968;Фильтр-мешки из нетканого материала, для T 15/1 и T 17/1;;0;6.907-017.0
969;Плоский складчатый HEPA-фильтр NT 361, 561,611 (H);;0;6.904-242.0
970;Универсальный комплект профессионального назначения;;0;2.637-595.0
971;Плоский складчатый фильтр, из полиэфирного шелка;;0;6.904-360.0
972;Пакеты для фильтра из нетканого материал;;0;2.889-154.0
973;Универсальная насадка для пола (ID 40);;0;6.907-408.0
974;Сужающая муфта;;0;6.902-017.0
975;Картридж бумажного фильтра NT;;0;6.907-038.0
976;Удлинительный шланг, C 40;;0;6.906-344.0
977;Поролоновый фильтр;;0;2.889-083.0
978;Мембранный полиэфирный фильтр;;0;6.904-282.0
979;Комбинированная насадка для сухой уборки;;0;6.906-511.0
980;Насадка для удаления пыли при сверлении;;0;2.679-000.0
981;Удлинительная трубка;;0;6.900-275.0
982;Колено C-DN 40;;0;5.031-904.0
